{"cameraMode":{"drawMode":0,"name":"Shaded","section":"Shading Mode"},"sceneLighting":false,"audioPlay":false,"sceneViewState":{"m_AlwaysRefresh":false,"showFog":true,"showSkybox":false,"showFlares":true,"showImageEffects":true,"showParticleSystems":true,"showVisualEffectGraphs":true,"m_FxEnabled":true},"in2DMode":false,"pivot":{"x":0.07501983642578125,"y":7.501002788543701,"z":-0.000019073486328125},"rotation":{"x":0.2664822041988373,"y":0.5608492493629456,"z":-0.19701595604419709,"w":0.7586122155189514},"size":9.135015487670899,"orthographic":false}