{"cameraMode":{"drawMode":0,"name":"Shaded","section":"Shading Mode"},"sceneLighting":true,"audioPlay":false,"sceneViewState":{"m_AlwaysRefresh":false,"showFog":true,"showSkybox":true,"showFlares":true,"showImageEffects":true,"showParticleSystems":true,"showVisualEffectGraphs":true,"m_FxEnabled":true},"in2DMode":false,"pivot":{"x":8.076997756958008,"y":-12.30770206451416,"z":-12.660606384277344},"rotation":{"x":0.0033065942116081716,"y":0.9543154239654541,"z":-0.2986672818660736,"w":0.010613149031996727},"size":20.962858200073243,"orthographic":false}