{"cameraMode":{"drawMode":0,"name":"Shaded","section":"Shading Mode"},"sceneLighting":true,"audioPlay":false,"sceneViewState":{"m_AlwaysRefresh":false,"showFog":true,"showSkybox":true,"showFlares":true,"showImageEffects":true,"showParticleSystems":true,"showVisualEffectGraphs":true,"m_FxEnabled":true},"in2DMode":false,"pivot":{"x":0.15424323081970216,"y":-2.6184234619140627,"z":-0.4768983721733093},"rotation":{"x":-0.4772320091724396,"y":0.5210056304931641,"z":-0.46984392404556277,"w":-0.5291988849639893},"size":16.958812713623048,"orthographic":false}